{
  "images" : [
    {
      "filename" : "picture_in_picture_alt-24px 1.png",
      "idiom" : "universal",
      "scale" : "1x"
    },
    {
      "filename" : "picture_in_picture_alt-24px 1@2x.png",
      "idiom" : "universal",
      "scale" : "2x"
    },
    {
      "filename" : "picture_in_picture_alt-24px 1@3x.png",
      "idiom" : "universal",
      "scale" : "3x"
    }
  ],
  "info" : {
    "author" : "xcode",
    "version" : 1
  },
  "properties" : {
    "template-rendering-intent" : "original"
  }
}
